src,dst,since
1,2,2001
2,3,2002
3,4,2003
4,5,2004
5,6,2005
6,7,2006
7,8,2007
8,9,2008
9,10,2009
10,11,2010
11,12,2011
12,13,2012
13,14,2013
14,15,2014
15,16,2015
16,17,2016
17,18,2017
18,19,2018
19,20,2019
20,21,2020
21,22,2021
22,23,2022
23,24,2023
24,25,2024
25,26,2025
26,27,2026
27,28,2027
28,29,2028
29,30,2029
30,31,2030
31,32,2031
32,33,2032
33,34,2033
34,35,2034
35,36,2035
36,37,2036
37,38,2037
38,39,2038
39,40,2039
40,41,2040
41,42,2041
42,43,2042
43,44,2043
44,45,2044
45,46,2045
46,47,2046
47,48,2047
48,49,2048
49,50,2049
50,51,2000
51,52,2001
52,53,2002
53,54,2003
54,55,2004
55,56,2005
56,57,2006
57,58,2007
58,59,2008
59,60,2009
60,61,2010
61,62,2011
62,63,2012
63,64,2013
64,65,2014
65,66,2015
66,67,2016
67,68,2017
68,69,2018
69,70,2019
70,71,2020
71,72,2021
72,73,2022
73,74,2023
74,75,2024
75,76,2025
76,77,2026
77,78,2027
78,79,2028
79,80,2029
80,81,2030
81,82,2031
82,83,2032
83,84,2033
84,85,2034
85,86,2035
86,87,2036
87,88,2037
88,89,2038
89,90,2039
90,91,2040
91,92,2041
92,93,2042
93,94,2043
94,95,2044
95,96,2045
96,97,2046
97,98,2047
98,99,2048
99,100,2049
100,101,2000
101,102,2001
102,103,2002
103,104,2003
104,105,2004
105,106,2005
106,107,2006
107,108,2007
108,109,2008
109,110,2009
110,111,2010
111,112,2011
112,113,2012
113,114,2013
114,115,2014
115,116,2015
116,117,2016
117,118,2017
118,119,2018
119,120,2019
120,121,2020
121,122,2021
122,123,2022
123,124,2023
124,125,2024
125,126,2025
126,127,2026
127,128,2027
128,129,2028
129,130,2029
130,131,2030
131,132,2031
132,133,2032
133,134,2033
134,135,2034
135,136,2035
136,137,2036
137,138,2037
138,139,2038
139,140,2039
140,141,2040
141,142,2041
142,143,2042
143,144,2043
144,145,2044
145,146,2045
146,147,2046
147,148,2047
148,149,2048
149,150,2049
150,151,2000
151,152,2001
152,153,2002
153,154,2003
154,155,2004
155,156,2005
156,157,2006
157,158,2007
158,159,2008
159,160,2009
160,161,2010
161,162,2011
162,163,2012
163,164,2013
164,165,2014
165,166,2015
166,167,2016
167,168,2017
168,169,2018
169,170,2019
170,171,2020
171,172,2021
172,173,2022
173,174,2023
174,175,2024
175,176,2025
176,177,2026
177,178,2027
178,179,2028
179,180,2029
180,181,2030
181,182,2031
182,183,2032
183,184,2033
184,185,2034
185,186,2035
186,187,2036
187,188,2037
188,189,2038
189,190,2039
190,191,2040
191,192,2041
192,193,2042
193,194,2043
194,195,2044
195,196,2045
196,197,2046
197,198,2047
198,199,2048
199,200,2049
200,201,2000
201,202,2001
202,203,2002
203,204,2003
204,205,2004
205,206,2005
206,207,2006
207,208,2007
208,209,2008
209,210,2009
210,211,2010
211,212,2011
212,213,2012
213,214,2013
214,215,2014
215,216,2015
216,217,2016
217,218,2017
218,219,2018
219,220,2019
220,221,2020
221,222,2021
222,223,2022
223,224,2023
224,225,2024
225,226,2025
226,227,2026
227,228,2027
228,229,2028
229,230,2029
230,231,2030
231,232,2031
232,233,2032
233,234,2033
234,235,2034
235,236,2035
236,237,2036
237,238,2037
238,239,2038
239,240,2039
240,241,2040
241,242,2041
242,243,2042
243,244,2043
244,245,2044
245,246,2045
246,247,2046
247,248,2047
248,249,2048
249,250,2049
250,251,2000
251,252,2001
252,253,2002
253,254,2003
254,255,2004
255,256,2005
256,257,2006
257,258,2007
258,259,2008
259,260,2009
260,261,2010
261,262,2011
262,263,2012
263,264,2013
264,265,2014
265,266,2015
266,267,2016
267,268,2017
268,269,2018
269,270,2019
270,271,2020
271,272,2021
272,273,2022
273,274,2023
274,275,2024
275,276,2025
276,277,2026
277,278,2027
278,279,2028
279,280,2029
280,281,2030
281,282,2031
282,283,2032
283,284,2033
284,285,2034
285,286,2035
286,287,2036
287,288,2037
288,289,2038
289,290,2039
290,291,2040
291,292,2041
292,293,2042
293,294,2043
294,295,2044
295,296,2045
296,297,2046
297,298,2047
298,299,2048
299,300,2049
300,301,2000
301,302,2001
302,303,2002
303,304,2003
304,305,2004
305,306,2005
306,307,2006
307,308,2007
308,309,2008
309,310,2009
310,311,2010
311,312,2011
312,313,2012
313,314,2013
314,315,2014
315,316,2015
316,317,2016
317,318,2017
318,319,2018
319,320,2019
320,321,2020
321,322,2021
322,323,2022
323,324,2023
324,325,2024
325,326,2025
326,327,2026
327,328,2027
328,329,2028
329,330,2029
330,331,2030
331,332,2031
332,333,2032
333,334,2033
334,335,2034
335,336,2035
336,337,2036
337,338,2037
338,339,2038
339,340,2039
340,341,2040
341,342,2041
342,343,2042
343,344,2043
344,345,2044
345,346,2045
346,347,2046
347,348,2047
348,349,2048
349,350,2049
350,351,2000
351,352,2001
352,353,2002
353,354,2003
354,355,2004
355,356,2005
356,357,2006
357,358,2007
358,359,2008
359,360,2009
360,361,2010
361,362,2011
362,363,2012
363,364,2013
364,365,2014
365,366,2015
366,367,2016
367,368,2017
368,369,2018
369,370,2019
370,371,2020
371,372,2021
372,373,2022
373,374,2023
374,375,2024
375,376,2025
376,377,2026
377,378,2027
378,379,2028
379,380,2029
380,381,2030
381,382,2031
382,383,2032
383,384,2033
384,385,2034
385,386,2035
386,387,2036
387,388,2037
388,389,2038
389,390,2039
390,391,2040
391,392,2041
392,393,2042
393,394,2043
394,395,2044
395,396,2045
396,397,2046
397,398,2047
398,399,2048
399,400,2049
400,401,2000
401,402,2001
402,403,2002
403,404,2003
404,405,2004
405,406,2005
406,407,2006
407,408,2007
408,409,2008
409,410,2009
410,411,2010
411,412,2011
412,413,2012
413,414,2013
414,415,2014
415,416,2015
416,417,2016
417,418,2017
418,419,2018
419,420,2019
420,421,2020
421,422,2021
422,423,2022
423,424,2023
424,425,2024
425,426,2025
426,427,2026
427,428,2027
428,429,2028
429,430,2029
430,431,2030
431,432,2031
432,433,2032
433,434,2033
434,435,2034
435,436,2035
436,437,2036
437,438,2037
438,439,2038
439,440,2039
440,441,2040
441,442,2041
442,443,2042
443,444,2043
444,445,2044
445,446,2045
446,447,2046
447,448,2047
448,449,2048
449,450,2049
450,451,2000
451,452,2001
452,453,2002
453,454,2003
454,455,2004
455,456,2005
456,457,2006
457,458,2007
458,459,2008
459,460,2009
460,461,2010
461,462,2011
462,463,2012
463,464,2013
464,465,2014
465,466,2015
466,467,2016
467,468,2017
468,469,2018
469,470,2019
470,471,2020
471,472,2021
472,473,2022
473,474,2023
474,475,2024
475,476,2025
476,477,2026
477,478,2027
478,479,2028
479,480,2029
480,481,2030
481,482,2031
482,483,2032
483,484,2033
484,485,2034
485,486,2035
486,487,2036
487,488,2037
488,489,2038
489,490,2039
490,491,2040
491,492,2041
492,493,2042
493,494,2043
494,495,2044
495,496,2045
496,497,2046
497,498,2047
498,499,2048
499,500,2049
500,501,2000
501,502,2001
502,503,2002
503,504,2003
504,505,2004
505,506,2005
506,507,2006
507,508,2007
508,509,2008
509,510,2009
510,511,2010
511,512,2011
512,513,2012
513,514,2013
514,515,2014
515,516,2015
516,517,2016
517,518,2017
518,519,2018
519,520,2019
520,521,2020
521,522,2021
522,523,2022
523,524,2023
524,525,2024
525,526,2025
526,527,2026
527,528,2027
528,529,2028
529,530,2029
530,531,2030
531,532,2031
532,533,2032
533,534,2033
534,535,2034
535,536,2035
536,537,2036
537,538,2037
538,539,2038
539,540,2039
540,541,2040
541,542,2041
542,543,2042
543,544,2043
544,545,2044
545,546,2045
546,547,2046
547,548,2047
548,549,2048
549,550,2049
550,551,2000
551,552,2001
552,553,2002
553,554,2003
554,555,2004
555,556,2005
556,557,2006
557,558,2007
558,559,2008
559,560,2009
560,561,2010
561,562,2011
562,563,2012
563,564,2013
564,565,2014
565,566,2015
566,567,2016
567,568,2017
568,569,2018
569,570,2019
570,571,2020
571,572,2021
572,573,2022
573,574,2023
574,575,2024
575,576,2025
576,577,2026
577,578,2027
578,579,2028
579,580,2029
580,581,2030
581,582,2031
582,583,2032
583,584,2033
584,585,2034
585,586,2035
586,587,2036
587,588,2037
588,589,2038
589,590,2039
590,591,2040
591,592,2041
592,593,2042
593,594,2043
594,595,2044
595,596,2045
596,597,2046
597,598,2047
598,599,2048
599,600,2049
600,601,2000
601,602,2001
602,603,2002
603,604,2003
604,605,2004
605,606,2005
606,607,2006
607,608,2007
608,609,2008
609,610,2009
610,611,2010
611,612,2011
612,613,2012
613,614,2013
614,615,2014
615,616,2015
616,617,2016
617,618,2017
618,619,2018
619,620,2019
620,621,2020
621,622,2021
622,623,2022
623,624,2023
624,625,2024
625,626,2025
626,627,2026
627,628,2027
628,629,2028
629,630,2029
630,631,2030
631,632,2031
632,633,2032
633,634,2033
634,635,2034
635,636,2035
636,637,2036
637,638,2037
638,639,2038
639,640,2039
640,641,2040
641,642,2041
642,643,2042
643,644,2043
644,645,2044
645,646,2045
646,647,2046
647,648,2047
648,649,2048
649,650,2049
650,651,2000
651,652,2001
652,653,2002
653,654,2003
654,655,2004
655,656,2005
656,657,2006
657,658,2007
658,659,2008
659,660,2009
660,661,2010
661,662,2011
662,663,2012
663,664,2013
664,665,2014
665,666,2015
666,667,2016
667,668,2017
668,669,2018
669,670,2019
670,671,2020
671,672,2021
672,673,2022
673,674,2023
674,675,2024
675,676,2025
676,677,2026
677,678,2027
678,679,2028
679,680,2029
680,681,2030
681,682,2031
682,683,2032
683,684,2033
684,685,2034
685,686,2035
686,687,2036
687,688,2037
688,689,2038
689,690,2039
690,691,2040
691,692,2041
692,693,2042
693,694,2043
694,695,2044
695,696,2045
696,697,2046
697,698,2047
698,699,2048
699,700,2049
700,701,2000
701,702,2001
702,703,2002
703,704,2003
704,705,2004
705,706,2005
706,707,2006
707,708,2007
708,709,2008
709,710,2009
710,711,2010
711,712,2011
712,713,2012
713,714,2013
714,715,2014
715,716,2015
716,717,2016
717,718,2017
718,719,2018
719,720,2019
720,721,2020
721,722,2021
722,723,2022
723,724,2023
724,725,2024
725,726,2025
726,727,2026
727,728,2027
728,729,2028
729,730,2029
730,731,2030
731,732,2031
732,733,2032
733,734,2033
734,735,2034
735,736,2035
736,737,2036
737,738,2037
738,739,2038
739,740,2039
740,741,2040
741,742,2041
742,743,2042
743,744,2043
744,745,2044
745,746,2045
746,747,2046
747,748,2047
748,749,2048
749,750,2049
750,751,2000
751,752,2001
752,753,2002
753,754,2003
754,755,2004
755,756,2005
756,757,2006
757,758,2007
758,759,2008
759,760,2009
760,761,2010
761,762,2011
762,763,2012
763,764,2013
764,765,2014
765,766,2015
766,767,2016
767,768,2017
768,769,2018
769,770,2019
770,771,2020
771,772,2021
772,773,2022
773,774,2023
774,775,2024
775,776,2025
776,777,2026
777,778,2027
778,779,2028
779,780,2029
780,781,2030
781,782,2031
782,783,2032
783,784,2033
784,785,2034
785,786,2035
786,787,2036
787,788,2037
788,789,2038
789,790,2039
790,791,2040
791,792,2041
792,793,2042
793,794,2043
794,795,2044
795,796,2045
796,797,2046
797,798,2047
798,799,2048
799,800,2049
800,801,2000
801,802,2001
802,803,2002
803,804,2003
804,805,2004
805,806,2005
806,807,2006
807,808,2007
808,809,2008
809,810,2009
810,811,2010
811,812,2011
812,813,2012
813,814,2013
814,815,2014
815,816,2015
816,817,2016
817,818,2017
818,819,2018
819,820,2019
820,821,2020
821,822,2021
822,823,2022
823,824,2023
824,825,2024
825,826,2025
826,827,2026
827,828,2027
828,829,2028
829,830,2029
830,831,2030
831,832,2031
832,833,2032
833,834,2033
834,835,2034
835,836,2035
836,837,2036
837,838,2037
838,839,2038
839,840,2039
840,841,2040
841,842,2041
842,843,2042
843,844,2043
844,845,2044
845,846,2045
846,847,2046
847,848,2047
848,849,2048
849,850,2049
850,851,2000
851,852,2001
852,853,2002
853,854,2003
854,855,2004
855,856,2005
856,857,2006
857,858,2007
858,859,2008
859,860,2009
860,861,2010
861,862,2011
862,863,2012
863,864,2013
864,865,2014
865,866,2015
866,867,2016
867,868,2017
868,869,2018
869,870,2019
870,871,2020
871,872,2021
872,873,2022
873,874,2023
874,875,2024
875,876,2025
876,877,2026
877,878,2027
878,879,2028
879,880,2029
880,881,2030
881,882,2031
882,883,2032
883,884,2033
884,885,2034
885,886,2035
886,887,2036
887,888,2037
888,889,2038
889,890,2039
890,891,2040
891,892,2041
892,893,2042
893,894,2043
894,895,2044
895,896,2045
896,897,2046
897,898,2047
898,899,2048
899,900,2049
900,901,2000
901,902,2001
902,903,2002
903,904,2003
904,905,2004
905,906,2005
906,907,2006
907,908,2007
908,909,2008
909,910,2009
910,911,2010
911,912,2011
912,913,2012
913,914,2013
914,915,2014
915,916,2015
916,917,2016
917,918,2017
918,919,2018
919,920,2019
920,921,2020
921,922,2021
922,923,2022
923,924,2023
924,925,2024
925,926,2025
926,927,2026
927,928,2027
928,929,2028
929,930,2029
930,931,2030
931,932,2031
932,933,2032
933,934,2033
934,935,2034
935,936,2035
936,937,2036
937,938,2037
938,939,2038
939,940,2039
940,941,2040
941,942,2041
942,943,2042
943,944,2043
944,945,2044
945,946,2045
946,947,2046
947,948,2047
948,949,2048
949,950,2049
950,951,2000
951,952,2001
952,953,2002
953,954,2003
954,955,2004
955,956,2005
956,957,2006
957,958,2007
958,959,2008
959,960,2009
960,961,2010
961,962,2011
962,963,2012
963,964,2013
964,965,2014
965,966,2015
966,967,2016
967,968,2017
968,969,2018
969,970,2019
970,971,2020
971,972,2021
972,973,2022
973,974,2023
974,975,2024
975,976,2025
976,977,2026
977,978,2027
978,979,2028
979,980,2029
980,981,2030
981,982,2031
982,983,2032
983,984,2033
984,985,2034
985,986,2035
986,987,2036
987,988,2037
988,989,2038
989,990,2039
990,991,2040
991,992,2041
992,993,2042
993,994,2043
994,995,2044
995,996,2045
996,997,2046
997,998,2047
998,999,2048
999,1000,2049
1000,1001,2000
1001,1002,2001
1002,1003,2002
1003,1004,2003
1004,1005,2004
1005,1006,2005
1006,1007,2006
1007,1008,2007
1008,1009,2008
1009,1010,2009
1010,1011,2010
1011,1012,2011
1012,1013,2012
1013,1014,2013
1014,1015,2014
1015,1016,2015
1016,1017,2016
1017,1018,2017
1018,1019,2018
1019,1020,2019
1020,1021,2020
1021,1022,2021
1022,1023,2022
1023,1024,2023
1024,1025,2024
1025,1026,2025
1026,1027,2026
1027,1028,2027
1028,1029,2028
1029,1030,2029
1030,1031,2030
1031,1032,2031
1032,1033,2032
1033,1034,2033
1034,1035,2034
1035,1036,2035
1036,1037,2036
1037,1038,2037
1038,1039,2038
1039,1040,2039
1040,1041,2040
1041,1042,2041
1042,1043,2042
1043,1044,2043
1044,1045,2044
1045,1046,2045
1046,1047,2046
1047,1048,2047
1048,1049,2048
1049,1050,2049
1050,1051,2000
1051,1052,2001
1052,1053,2002
1053,1054,2003
1054,1055,2004
1055,1056,2005
1056,1057,2006
1057,1058,2007
1058,1059,2008
1059,1060,2009
1060,1061,2010
1061,1062,2011
1062,1063,2012
1063,1064,2013
1064,1065,2014
1065,1066,2015
1066,1067,2016
1067,1068,2017
1068,1069,2018
1069,1070,2019
1070,1071,2020
1071,1072,2021
1072,1073,2022
1073,1074,2023
1074,1075,2024
1075,1076,2025
1076,1077,2026
1077,1078,2027
1078,1079,2028
1079,1080,2029
1080,1081,2030
1081,1082,2031
1082,1083,2032
1083,1084,2033
1084,1085,2034
1085,1086,2035
1086,1087,2036
1087,1088,2037
1088,1089,2038
1089,1090,2039
1090,1091,2040
1091,1092,2041
1092,1093,2042
1093,1094,2043
1094,1095,2044
1095,1096,2045
1096,1097,2046
1097,1098,2047
1098,1099,2048
1099,1100,2049
1100,1101,2000
1101,1102,2001
1102,1103,2002
1103,1104,2003
1104,1105,2004
1105,1106,2005
1106,1107,2006
1107,1108,2007
1108,1109,2008
1109,1110,2009
1110,1111,2010
1111,1112,2011
1112,1113,2012
1113,1114,2013
1114,1115,2014
1115,1116,2015
1116,1117,2016
1117,1118,2017
1118,1119,2018
1119,1120,2019
1120,1121,2020
1121,1122,2021
1122,1123,2022
1123,1124,2023
1124,1125,2024
1125,1126,2025
1126,1127,2026
1127,1128,2027
1128,1129,2028
1129,1130,2029
1130,1131,2030
1131,1132,2031
1132,1133,2032
1133,1134,2033
1134,1135,2034
1135,1136,2035
1136,1137,2036
1137,1138,2037
1138,1139,2038
1139,1140,2039
1140,1141,2040
1141,1142,2041
1142,1143,2042
1143,1144,2043
1144,1145,2044
1145,1146,2045
1146,1147,2046
1147,1148,2047
1148,1149,2048
1149,1150,2049
1150,1151,2000
1151,1152,2001
1152,1153,2002
1153,1154,2003
1154,1155,2004
1155,1156,2005
1156,1157,2006
1157,1158,2007
1158,1159,2008
1159,1160,2009
1160,1161,2010
1161,1162,2011
1162,1163,2012
1163,1164,2013
1164,1165,2014
1165,1166,2015
1166,1167,2016
1167,1168,2017
1168,1169,2018
1169,1170,2019
1170,1171,2020
1171,1172,2021
1172,1173,2022
1173,1174,2023
1174,1175,2024
1175,1176,2025
1176,1177,2026
1177,1178,2027
1178,1179,2028
1179,1180,2029
1180,1181,2030
1181,1182,2031
1182,1183,2032
1183,1184,2033
1184,1185,2034
1185,1186,2035
1186,1187,2036
1187,1188,2037
1188,1189,2038
1189,1190,2039
1190,1191,2040
1191,1192,2041
1192,1193,2042
1193,1194,2043
1194,1195,2044
1195,1196,2045
1196,1197,2046
1197,1198,2047
1198,1199,2048
1199,1200,2049
1200,1201,2000
1201,1202,2001
1202,1203,2002
1203,1204,2003
1204,1205,2004
1205,1206,2005
1206,1207,2006
1207,1208,2007
1208,1209,2008
1209,1210,2009
1210,1211,2010
1211,1212,2011
1212,1213,2012
1213,1214,2013
1214,1215,2014
1215,1216,2015
1216,1217,2016
1217,1218,2017
1218,1219,2018
1219,1220,2019
1220,1221,2020
1221,1222,2021
1222,1223,2022
1223,1224,2023
1224,1225,2024
1225,1226,2025
1226,1227,2026
1227,1228,2027
1228,1229,2028
1229,1230,2029
1230,1231,2030
1231,1232,2031
1232,1233,2032
1233,1234,2033
1234,1235,2034
1235,1236,2035
1236,1237,2036
1237,1238,2037
1238,1239,2038
1239,1240,2039
1240,1241,2040
1241,1242,2041
1242,1243,2042
1243,1244,2043
1244,1245,2044
1245,1246,2045
1246,1247,2046
1247,1248,2047
1248,1249,2048
1249,1250,2049
1250,1251,2000
1251,1252,2001
1252,1253,2002
1253,1254,2003
1254,1255,2004
1255,1256,2005
1256,1257,2006
1257,1258,2007
1258,1259,2008
1259,1260,2009
1260,1261,2010
1261,1262,2011
1262,1263,2012
1263,1264,2013
1264,1265,2014
1265,1266,2015
1266,1267,2016
1267,1268,2017
1268,1269,2018
1269,1270,2019
1270,1271,2020
1271,1272,2021
1272,1273,2022
1273,1274,2023
1274,1275,2024
1275,1276,2025
1276,1277,2026
1277,1278,2027
1278,1279,2028
1279,1280,2029
1280,1281,2030
1281,1282,2031
1282,1283,2032
1283,1284,2033
1284,1285,2034
1285,1286,2035
1286,1287,2036
1287,1288,2037
1288,1289,2038
1289,1290,2039
1290,1291,2040
1291,1292,2041
1292,1293,2042
1293,1294,2043
1294,1295,2044
1295,1296,2045
1296,1297,2046
1297,1298,2047
1298,1299,2048
1299,1300,2049
1300,1301,2000
1301,1302,2001
1302,1303,2002
1303,1304,2003
1304,1305,2004
1305,1306,2005
1306,1307,2006
1307,1308,2007
1308,1309,2008
1309,1310,2009
1310,1311,2010
1311,1312,2011
1312,1313,2012
1313,1314,2013
1314,1315,2014
1315,1316,2015
1316,1317,2016
1317,1318,2017
1318,1319,2018
1319,1320,2019
1320,1321,2020
1321,1322,2021
1322,1323,2022
1323,1324,2023
1324,1325,2024
1325,1326,2025
1326,1327,2026
1327,1328,2027
1328,1329,2028
1329,1330,2029
1330,1331,2030
1331,1332,2031
1332,1333,2032
1333,1334,2033
1334,1335,2034
1335,1336,2035
1336,1337,2036
1337,1338,2037
1338,1339,2038
1339,1340,2039
1340,1341,2040
1341,1342,2041
1342,1343,2042
1343,1344,2043
1344,1345,2044
1345,1346,2045
1346,1347,2046
1347,1348,2047
1348,1349,2048
1349,1350,2049
1350,1351,2000
1351,1352,2001
1352,1353,2002
1353,1354,2003
1354,1355,2004
1355,1356,2005
1356,1357,2006
1357,1358,2007
1358,1359,2008
1359,1360,2009
1360,1361,2010
1361,1362,2011
1362,1363,2012
1363,1364,2013
1364,1365,2014
1365,1366,2015
1366,1367,2016
1367,1368,2017
1368,1369,2018
1369,1370,2019
1370,1371,2020
1371,1372,2021
1372,1373,2022
1373,1374,2023
1374,1375,2024
1375,1376,2025
1376,1377,2026
1377,1378,2027
1378,1379,2028
1379,1380,2029
1380,1381,2030
1381,1382,2031
1382,1383,2032
1383,1384,2033
1384,1385,2034
1385,1386,2035
1386,1387,2036
1387,1388,2037
1388,1389,2038
1389,1390,2039
1390,1391,2040
1391,1392,2041
1392,1393,2042
1393,1394,2043
1394,1395,2044
1395,1396,2045
1396,1397,2046
1397,1398,2047
1398,1399,2048
1399,1400,2049
1400,1401,2000
1401,1402,2001
1402,1403,2002
1403,1404,2003
1404,1405,2004
1405,1406,2005
1406,1407,2006
1407,1408,2007
1408,1409,2008
1409,1410,2009
1410,1411,2010
1411,1412,2011
1412,1413,2012
1413,1414,2013
1414,1415,2014
1415,1416,2015
1416,1417,2016
1417,1418,2017
1418,1419,2018
1419,1420,2019
1420,1421,2020
1421,1422,2021
1422,1423,2022
1423,1424,2023
1424,1425,2024
1425,1426,2025
1426,1427,2026
1427,1428,2027
1428,1429,2028
1429,1430,2029
1430,1431,2030
1431,1432,2031
1432,1433,2032
1433,1434,2033
1434,1435,2034
1435,1436,2035
1436,1437,2036
1437,1438,2037
1438,1439,2038
1439,1440,2039
1440,1441,2040
1441,1442,2041
1442,1443,2042
1443,1444,2043
1444,1445,2044
1445,1446,2045
1446,1447,2046
1447,1448,2047
1448,1449,2048
1449,1450,2049
1450,1451,2000
1451,1452,2001
1452,1453,2002
1453,1454,2003
1454,1455,2004
1455,1456,2005
1456,1457,2006
1457,1458,2007
1458,1459,2008
1459,1460,2009
1460,1461,2010
1461,1462,2011
1462,1463,2012
1463,1464,2013
1464,1465,2014
1465,1466,2015
1466,1467,2016
1467,1468,2017
1468,1469,2018
1469,1470,2019
1470,1471,2020
1471,1472,2021
1472,1473,2022
1473,1474,2023
1474,1475,2024
1475,1476,2025
1476,1477,2026
1477,1478,2027
1478,1479,2028
1479,1480,2029
1480,1481,2030
1481,1482,2031
1482,1483,2032
1483,1484,2033
1484,1485,2034
1485,1486,2035
1486,1487,2036
1487,1488,2037
1488,1489,2038
1489,1490,2039
1490,1491,2040
1491,1492,2041
1492,1493,2042
1493,1494,2043
1494,1495,2044
1495,1496,2045
1496,1497,2046
1497,1498,2047
1498,1499,2048
1499,1500,2049
1500,1501,2000
1501,1502,2001
1502,1503,2002
1503,1504,2003
1504,1505,2004
1505,1506,2005
1506,1507,2006
1507,1508,2007
1508,1509,2008
1509,1510,2009
1510,1511,2010
1511,1512,2011
1512,1513,2012
1513,1514,2013
1514,1515,2014
1515,1516,2015
1516,1517,2016
1517,1518,2017
1518,1519,2018
1519,1520,2019
1520,1521,2020
1521,1522,2021
1522,1523,2022
1523,1524,2023
1524,1525,2024
1525,1526,2025
1526,1527,2026
1527,1528,2027
1528,1529,2028
1529,1530,2029
1530,1531,2030
1531,1532,2031
1532,1533,2032
1533,1534,2033
1534,1535,2034
1535,1536,2035
1536,1537,2036
1537,1538,2037
1538,1539,2038
1539,1540,2039
1540,1541,2040
1541,1542,2041
1542,1543,2042
1543,1544,2043
1544,1545,2044
1545,1546,2045
1546,1547,2046
1547,1548,2047
1548,1549,2048
1549,1550,2049
1550,1551,2000
1551,1552,2001
1552,1553,2002
1553,1554,2003
1554,1555,2004
1555,1556,2005
1556,1557,2006
1557,1558,2007
1558,1559,2008
1559,1560,2009
1560,1561,2010
1561,1562,2011
1562,1563,2012
1563,1564,2013
1564,1565,2014
1565,1566,2015
1566,1567,2016
1567,1568,2017
1568,1569,2018
1569,1570,2019
1570,1571,2020
1571,1572,2021
1572,1573,2022
1573,1574,2023
1574,1575,2024
1575,1576,2025
1576,1577,2026
1577,1578,2027
1578,1579,2028
1579,1580,2029
1580,1581,2030
1581,1582,2031
1582,1583,2032
1583,1584,2033
1584,1585,2034
1585,1586,2035
1586,1587,2036
1587,1588,2037
1588,1589,2038
1589,1590,2039
1590,1591,2040
1591,1592,2041
1592,1593,2042
1593,1594,2043
1594,1595,2044
1595,1596,2045
1596,1597,2046
1597,1598,2047
1598,1599,2048
1599,1600,2049
1600,1601,2000
1601,1602,2001
1602,1603,2002
1603,1604,2003
1604,1605,2004
1605,1606,2005
1606,1607,2006
1607,1608,2007
1608,1609,2008
1609,1610,2009
1610,1611,2010
1611,1612,2011
1612,1613,2012
1613,1614,2013
1614,1615,2014
1615,1616,2015
1616,1617,2016
1617,1618,2017
1618,1619,2018
1619,1620,2019
1620,1621,2020
1621,1622,2021
1622,1623,2022
1623,1624,2023
1624,1625,2024
1625,1626,2025
1626,1627,2026
1627,1628,2027
1628,1629,2028
1629,1630,2029
1630,1631,2030
1631,1632,2031
1632,1633,2032
1633,1634,2033
1634,1635,2034
1635,1636,2035
1636,1637,2036
1637,1638,2037
1638,1639,2038
1639,1640,2039
1640,1641,2040
1641,1642,2041
1642,1643,2042
1643,1644,2043
1644,1645,2044
1645,1646,2045
1646,1647,2046
1647,1648,2047
1648,1649,2048
1649,1650,2049
1650,1651,2000
1651,1652,2001
1652,1653,2002
1653,1654,2003
1654,1655,2004
1655,1656,2005
1656,1657,2006
1657,1658,2007
1658,1659,2008
1659,1660,2009
1660,1661,2010
1661,1662,2011
1662,1663,2012
1663,1664,2013
1664,1665,2014
1665,1666,2015
1666,1667,2016
1667,1668,2017
1668,1669,2018
1669,1670,2019
1670,1671,2020
1671,1672,2021
1672,1673,2022
1673,1674,2023
1674,1675,2024
1675,1676,2025
1676,1677,2026
1677,1678,2027
1678,1679,2028
1679,1680,2029
1680,1681,2030
1681,1682,2031
1682,1683,2032
1683,1684,2033
1684,1685,2034
1685,1686,2035
1686,1687,2036
1687,1688,2037
1688,1689,2038
1689,1690,2039
1690,1691,2040
1691,1692,2041
1692,1693,2042
1693,1694,2043
1694,1695,2044
1695,1696,2045
1696,1697,2046
1697,1698,2047
1698,1699,2048
1699,1700,2049
1700,1701,2000
1701,1702,2001
1702,1703,2002
1703,1704,2003
1704,1705,2004
1705,1706,2005
1706,1707,2006
1707,1708,2007
1708,1709,2008
1709,1710,2009
1710,1711,2010
1711,1712,2011
1712,1713,2012
1713,1714,2013
1714,1715,2014
1715,1716,2015
1716,1717,2016
1717,1718,2017
1718,1719,2018
1719,1720,2019
1720,1721,2020
1721,1722,2021
1722,1723,2022
1723,1724,2023
1724,1725,2024
1725,1726,2025
1726,1727,2026
1727,1728,2027
1728,1729,2028
1729,1730,2029
1730,1731,2030
1731,1732,2031
1732,1733,2032
1733,1734,2033
1734,1735,2034
1735,1736,2035
1736,1737,2036
1737,1738,2037
1738,1739,2038
1739,1740,2039
1740,1741,2040
1741,1742,2041
1742,1743,2042
1743,1744,2043
1744,1745,2044
1745,1746,2045
1746,1747,2046
1747,1748,2047
1748,1749,2048
1749,1750,2049
1750,1751,2000
1751,1752,2001
1752,1753,2002
1753,1754,2003
1754,1755,2004
1755,1756,2005
1756,1757,2006
1757,1758,2007
1758,1759,2008
1759,1760,2009
1760,1761,2010
1761,1762,2011
1762,1763,2012
1763,1764,2013
1764,1765,2014
1765,1766,2015
1766,1767,2016
1767,1768,2017
1768,1769,2018
1769,1770,2019
1770,1771,2020
1771,1772,2021
1772,1773,2022
1773,1774,2023
1774,1775,2024
1775,1776,2025
1776,1777,2026
1777,1778,2027
1778,1779,2028
1779,1780,2029
1780,1781,2030
1781,1782,2031
1782,1783,2032
1783,1784,2033
1784,1785,2034
1785,1786,2035
1786,1787,2036
1787,1788,2037
1788,1789,2038
1789,1790,2039
1790,1791,2040
1791,1792,2041
1792,1793,2042
1793,1794,2043
1794,1795,2044
1795,1796,2045
1796,1797,2046
1797,1798,2047
1798,1799,2048
1799,1800,2049
1800,1801,2000
1801,1802,2001
1802,1803,2002
1803,1804,2003
1804,1805,2004
1805,1806,2005
1806,1807,2006
1807,1808,2007
1808,1809,2008
1809,1810,2009
1810,1811,2010
1811,1812,2011
1812,1813,2012
1813,1814,2013
1814,1815,2014
1815,1816,2015
1816,1817,2016
1817,1818,2017
1818,1819,2018
1819,1820,2019
1820,1821,2020
1821,1822,2021
1822,1823,2022
1823,1824,2023
1824,1825,2024
1825,1826,2025
1826,1827,2026
1827,1828,2027
1828,1829,2028
1829,1830,2029
1830,1831,2030
1831,1832,2031
1832,1833,2032
1833,1834,2033
1834,1835,2034
1835,1836,2035
1836,1837,2036
1837,1838,2037
1838,1839,2038
1839,1840,2039
1840,1841,2040
1841,1842,2041
1842,1843,2042
1843,1844,2043
1844,1845,2044
1845,1846,2045
1846,1847,2046
1847,1848,2047
1848,1849,2048
1849,1850,2049
1850,1851,2000
1851,1852,2001
1852,1853,2002
1853,1854,2003
1854,1855,2004
1855,1856,2005
1856,1857,2006
1857,1858,2007
1858,1859,2008
1859,1860,2009
1860,1861,2010
1861,1862,2011
1862,1863,2012
1863,1864,2013
1864,1865,2014
1865,1866,2015
1866,1867,2016
1867,1868,2017
1868,1869,2018
1869,1870,2019
1870,1871,2020
1871,1872,2021
1872,1873,2022
1873,1874,2023
1874,1875,2024
1875,1876,2025
1876,1877,2026
1877,1878,2027
1878,1879,2028
1879,1880,2029
1880,1881,2030
1881,1882,2031
1882,1883,2032
1883,1884,2033
1884,1885,2034
1885,1886,2035
1886,1887,2036
1887,1888,2037
1888,1889,2038
1889,1890,2039
1890,1891,2040
1891,1892,2041
1892,1893,2042
1893,1894,2043
1894,1895,2044
1895,1896,2045
1896,1897,2046
1897,1898,2047
1898,1899,2048
1899,1900,2049
1900,1901,2000
1901,1902,2001
1902,1903,2002
1903,1904,2003
1904,1905,2004
1905,1906,2005
1906,1907,2006
1907,1908,2007
1908,1909,2008
1909,1910,2009
1910,1911,2010
1911,1912,2011
1912,1913,2012
1913,1914,2013
1914,1915,2014
1915,1916,2015
1916,1917,2016
1917,1918,2017
1918,1919,2018
1919,1920,2019
1920,1921,2020
1921,1922,2021
1922,1923,2022
1923,1924,2023
1924,1925,2024
1925,1926,2025
1926,1927,2026
1927,1928,2027
1928,1929,2028
1929,1930,2029
1930,1931,2030
1931,1932,2031
1932,1933,2032
1933,1934,2033
1934,1935,2034
1935,1936,2035
1936,1937,2036
1937,1938,2037
1938,1939,2038
1939,1940,2039
1940,1941,2040
1941,1942,2041
1942,1943,2042
1943,1944,2043
1944,1945,2044
1945,1946,2045
1946,1947,2046
1947,1948,2047
1948,1949,2048
1949,1950,2049
1950,1951,2000
1951,1952,2001
1952,1953,2002
1953,1954,2003
1954,1955,2004
1955,1956,2005
1956,1957,2006
1957,1958,2007
1958,1959,2008
1959,1960,2009
1960,1961,2010
1961,1962,2011
1962,1963,2012
1963,1964,2013
1964,1965,2014
1965,1966,2015
1966,1967,2016
1967,1968,2017
1968,1969,2018
1969,1970,2019
1970,1971,2020
1971,1972,2021
1972,1973,2022
1973,1974,2023
1974,1975,2024
1975,1976,2025
1976,1977,2026
1977,1978,2027
1978,1979,2028
1979,1980,2029
1980,1981,2030
1981,1982,2031
1982,1983,2032
1983,1984,2033
1984,1985,2034
1985,1986,2035
1986,1987,2036
1987,1988,2037
1988,1989,2038
1989,1990,2039
1990,1991,2040
1991,1992,2041
1992,1993,2042
1993,1994,2043
1994,1995,2044
1995,1996,2045
1996,1997,2046
1997,1998,2047
1998,1999,2048
1999,2000,2049
2000,2001,2000
2001,2002,2001
2002,2003,2002
2003,2004,2003
2004,2005,2004
2005,2006,2005
2006,2007,2006
2007,2008,2007
2008,2009,2008
2009,2010,2009
2010,2011,2010
2011,2012,2011
2012,2013,2012
2013,2014,2013
2014,2015,2014
2015,2016,2015
2016,2017,2016
2017,2018,2017
2018,2019,2018
2019,2020,2019
2020,2021,2020
2021,2022,2021
2022,2023,2022
2023,2024,2023
2024,2025,2024
2025,2026,2025
2026,2027,2026
2027,2028,2027
2028,2029,2028
2029,2030,2029
2030,2031,2030
2031,2032,2031
2032,2033,2032
2033,2034,2033
2034,2035,2034
2035,2036,2035
2036,2037,2036
2037,2038,2037
2038,2039,2038
2039,2040,2039
2040,2041,2040
2041,2042,2041
2042,2043,2042
2043,2044,2043
2044,2045,2044
2045,2046,2045
2046,2047,2046
2047,2048,2047
2048,2049,2048
1,2,2099
